SET client_encoding = 'UTF8';
SET standard_conforming_strings = on;
COPY public.currencies (id, code, name, is_active, created_at, updated_at, deleted_at, created_by, updated_by) FROM stdin;
9cd9c270-6608-4c47-bdde-fab9d950673e	USD	US Dollar	t	2026-05-28 08:57:38.554231+05:30	2026-05-28 08:57:38.554231+05:30	\N	\N	\N
255fcd2e-8660-43b2-872f-00ea3aa81a39	EUR	Euro	t	2026-05-28 08:57:38.554231+05:30	2026-05-28 08:57:38.554231+05:30	\N	\N	\N
676fab16-9a3d-4d6c-947a-fcab58d7a2be	GBP	Pound Sterling	t	2026-05-28 08:57:38.554231+05:30	2026-05-28 08:57:38.554231+05:30	\N	\N	\N
60d3e4b5-8c0d-456c-8eb6-60fbd19d46da	INR	Indian Rupee	t	2026-05-28 08:57:38.554231+05:30	2026-05-28 08:57:38.554231+05:30	\N	\N	\N
7e1cf5ef-0fdc-437f-803e-065df5986651	AED	UAE Dirham	t	2026-05-28 08:57:38.554231+05:30	2026-05-28 08:57:38.554231+05:30	\N	\N	\N
4db64561-5488-4f97-8bad-3ae04584e4c4	SGD	Singapore Dollar	t	2026-05-28 08:57:38.554231+05:30	2026-05-28 08:57:38.554231+05:30	\N	\N	\N
2beb3092-ecb0-42d2-b9dc-c5438343d719	JPY	Japanese Yen	t	2026-05-28 08:57:38.554231+05:30	2026-05-28 08:57:38.554231+05:30	\N	\N	\N
a1acb86d-8056-4e80-b7f3-6d7a41146eac	\N	Tehran	t	2026-05-28 17:41:34.654511+05:30	2026-05-28 17:41:34.654511+05:30	\N	41b975e3-6fba-4363-a3fe-06e37c8b2f66	41b975e3-6fba-4363-a3fe-06e37c8b2f66
\.

COPY public.payment_categories (id, name, is_active, created_at, updated_at, deleted_at, created_by, updated_by) FROM stdin;
20065c43-91e7-4821-b39f-9b2b68bb9a24	Trade Payments	t	2026-05-29 12:43:30.699103+05:30	2026-05-29 12:43:30.699103+05:30	\N	\N	\N
a0ba4fc4-9b35-4648-a95b-6ba05e48dd7a	Non-Trade Payments	t	2026-05-29 12:43:30.699103+05:30	2026-05-29 12:43:30.699103+05:30	\N	\N	\N
c43ef77c-4cd3-4e5b-bd8e-7c7e7ad2d50e	Capital Expenditure	t	2026-05-29 12:43:30.699103+05:30	2026-05-29 12:43:30.699103+05:30	\N	\N	\N
a2ae196d-7beb-42d6-8c1d-6574078fff5a	Exceptional Payments	t	2026-05-29 12:43:30.699103+05:30	2026-05-29 12:43:30.699103+05:30	\N	\N	\N
\.

COPY public.roles (id, code, name, description, is_system, created_at, updated_at, deleted_at) FROM stdin;
0de259c9-b75a-4e2b-95f1-901d495f01d7	OPS_TEAM	Ops Team	Maker â Trade Payments (5.1)	f	2026-05-29 16:11:21.165534+05:30	2026-05-29 16:11:21.165534+05:30	\N
e4e63895-212d-42b5-83cf-63ff4cba01c3	TRADING_TEAM	Trading Team	Maker â Annual Subscription trading platforms	f	2026-05-29 16:11:21.165534+05:30	2026-05-29 16:11:21.165534+05:30	\N
e030ea14-296f-498c-908d-57e8c3c7c70f	HR	HR	Maker â Salaries (5.3)	f	2026-05-29 16:11:21.165534+05:30	2026-05-29 16:11:21.165534+05:30	\N
be6aac17-a869-46f5-a3c8-ebc8b5dd5d29	ROHIT_TEAM	Rohit Team	Maker â Statutory dues (5.3)	f	2026-05-29 16:11:21.165534+05:30	2026-05-29 16:11:21.165534+05:30	\N
94b97c12-f17d-41a9-a2e2-8040a29192ea	ACCOUNTS_TEAM	Accounts Team	Checker â Trade payments, Statutory dues	f	2026-05-29 16:11:21.165534+05:30	2026-05-29 16:11:21.165534+05:30	\N
90018431-44d8-496e-9835-37b870827310	TREASURY_TEAM	Treasury Team	Checker â Salaries (5.3)	f	2026-05-29 16:11:21.165534+05:30	2026-05-29 16:11:21.165534+05:30	\N
2684f84f-875f-43e8-9d6f-b70d6e1a8e7f	ABHISHEK_TEAM	Abhishek Team	Checker â Annual Subscription / Geneva/UK/US rent	f	2026-05-29 16:11:21.165534+05:30	2026-05-29 16:11:21.165534+05:30	\N
d2699641-dbf4-4cc8-b4f8-854bed20611f	APPROVER	Approver	Approver - financial authorisation per the authority matrix	f	2026-05-29 16:13:00.140024+05:30	2026-05-29 16:13:00.140024+05:30	\N
de101e3a-9711-46da-9bfc-fb9c097e0a19	COUNTERPARTY	Counterparty	Counterparty - external user with access to the Counterparty module	t	2026-05-29 16:17:27.353667+05:30	2026-05-29 16:17:27.353667+05:30	\N
\.

COPY public.users (id, email, password_hash, full_name, employee_code, is_active, is_platform_admin, last_login_at, created_at, updated_at, deleted_at, created_by, updated_by) FROM stdin;
d32f0f54-0d3d-4680-b9c7-be9fdd5c54b8	venessa@radiant.com	$2b$12$QrqH8oCuDKk4DT7ZfrUywugEfHGU0WYT4OmB2abkYF9vqxXVfkCC.	Venessa	\N	t	f	\N	2026-05-29 15:47:37.441123+05:30	2026-05-29 15:47:37.441123+05:30	\N	\N	\N
d7972fda-60df-444a-851b-9e02b4908227	sachin@radiant.com	$2b$12$QrqH8oCuDKk4DT7ZfrUywugEfHGU0WYT4OmB2abkYF9vqxXVfkCC.	Sachin	\N	t	f	\N	2026-05-29 15:47:37.441123+05:30	2026-05-29 15:47:37.441123+05:30	\N	\N	\N
0eecb572-4a4a-4178-9473-eace89db65b6	magaeshwari@radiant.com	$2b$12$QrqH8oCuDKk4DT7ZfrUywugEfHGU0WYT4OmB2abkYF9vqxXVfkCC.	Magaeshwari	\N	t	f	\N	2026-05-29 15:47:37.441123+05:30	2026-05-29 15:47:37.441123+05:30	\N	\N	\N
0fd728c4-8012-4beb-a3fb-445d1bcd58dd	shivam@radiant.com	$2b$12$QrqH8oCuDKk4DT7ZfrUywugEfHGU0WYT4OmB2abkYF9vqxXVfkCC.	Shivam	\N	t	f	\N	2026-05-29 15:47:37.441123+05:30	2026-05-29 15:47:37.441123+05:30	\N	\N	\N
36029f86-1a12-47bc-9450-676f2d469a21	ghizlane@radiant.com	$2b$12$QrqH8oCuDKk4DT7ZfrUywugEfHGU0WYT4OmB2abkYF9vqxXVfkCC.	Ghizlane	\N	t	f	\N	2026-05-29 15:47:37.441123+05:30	2026-05-29 15:47:37.441123+05:30	\N	\N	\N
56c4ac8e-8854-490c-b9a5-32c1e76d38da	saritha@radiant.com	$2b$12$QrqH8oCuDKk4DT7ZfrUywugEfHGU0WYT4OmB2abkYF9vqxXVfkCC.	Saritha	\N	t	f	\N	2026-05-29 15:47:37.441123+05:30	2026-05-29 15:47:37.441123+05:30	\N	\N	\N
198b8e75-e3ac-4223-8b2a-2cc3c0d5ef15	ali@radiant.com	$2b$12$QrqH8oCuDKk4DT7ZfrUywugEfHGU0WYT4OmB2abkYF9vqxXVfkCC.	Mr Ali	\N	t	f	\N	2026-05-29 15:47:37.441123+05:30	2026-05-29 15:47:37.441123+05:30	\N	\N	\N
a797d32b-14d8-4c79-8688-69f9d8fa4ded	tarang@radiant.com	$2b$12$QrqH8oCuDKk4DT7ZfrUywugEfHGU0WYT4OmB2abkYF9vqxXVfkCC.	Tarang	\N	t	f	\N	2026-05-29 15:47:37.441123+05:30	2026-05-29 15:47:37.441123+05:30	\N	\N	\N
d60fecfa-8341-469b-8c82-602045ff2e2b	counterparty@radiant.com	$2b$12$QrqH8oCuDKk4DT7ZfrUywugEfHGU0WYT4OmB2abkYF9vqxXVfkCC.	Counterparty	\N	t	f	2026-05-29 16:41:00.61+05:30	2026-05-29 15:47:37.441123+05:30	2026-05-29 16:41:00.613235+05:30	\N	\N	\N
fa47e7b2-dfa8-46a3-8a48-f2efa8944350	sonal@firsteconomy.com	$2b$12$QrqH8oCuDKk4DT7ZfrUywugEfHGU0WYT4OmB2abkYF9vqxXVfkCC.	Sonal Tamboli	EMP-oo1	t	f	2026-05-30 20:39:13.712+05:30	2026-05-29 16:29:29.317141+05:30	2026-05-30 20:39:13.716257+05:30	\N	45a844e3-fd35-40d9-8633-4d15abf5ed9f	45a844e3-fd35-40d9-8633-4d15abf5ed9f
1cc1ab25-db8f-419a-9d46-d3e5db704d1a	payrol@radiant.com	$2b$12$KM.178TtYC4scIYQ5BqUNuiReloJbEM3qBCeBIjszsA8Qc9acGTe2	payroll	\N	t	f	2026-05-30 19:06:10.501+05:30	2026-05-30 19:05:03.066722+05:30	2026-05-30 19:06:10.503625+05:30	\N	45a844e3-fd35-40d9-8633-4d15abf5ed9f	45a844e3-fd35-40d9-8633-4d15abf5ed9f
45a844e3-fd35-40d9-8633-4d15abf5ed9f	admin@radiant.com	$2b$12$QrqH8oCuDKk4DT7ZfrUywugEfHGU0WYT4OmB2abkYF9vqxXVfkCC.	Admin	\N	t	t	2026-05-30 19:06:30.703+05:30	2026-05-29 15:47:37.441123+05:30	2026-05-30 19:06:30.706002+05:30	\N	\N	\N
98fdb496-53fe-474c-8829-25e94569ab82	ganesh@radiant.com	$2b$12$QrqH8oCuDKk4DT7ZfrUywugEfHGU0WYT4OmB2abkYF9vqxXVfkCC.	Ganesh	\N	t	f	2026-05-30 19:07:52.495+05:30	2026-05-29 15:47:37.441123+05:30	2026-05-30 19:07:52.497326+05:30	\N	\N	\N
23fa6946-2ede-4a14-b8d2-2473b9150df0	pinkesh@radiant.com	$2b$12$QrqH8oCuDKk4DT7ZfrUywugEfHGU0WYT4OmB2abkYF9vqxXVfkCC.	Pinkesh	\N	t	f	2026-05-30 19:08:22.144+05:30	2026-05-29 15:47:37.441123+05:30	2026-05-30 19:08:22.146225+05:30	\N	\N	\N
9e9b09e2-2762-471d-89c8-dae79f8ccbd9	ankita@firsteconomy.com	$2b$12$QrqH8oCuDKk4DT7ZfrUywugEfHGU0WYT4OmB2abkYF9vqxXVfkCC.	ankita	EMP-oo2	t	f	2026-05-30 19:26:00.462+05:30	2026-05-29 16:30:35.458079+05:30	2026-05-30 19:26:00.464091+05:30	\N	45a844e3-fd35-40d9-8633-4d15abf5ed9f	45a844e3-fd35-40d9-8633-4d15abf5ed9f
\.

COPY public.user_roles (id, user_id, role_id, created_at) FROM stdin;
d0389803-a5e8-4783-bd18-cf4a9d006727	d60fecfa-8341-469b-8c82-602045ff2e2b	de101e3a-9711-46da-9bfc-fb9c097e0a19	2026-05-29 16:17:27.353667+05:30
49979f23-687c-4291-b875-b174bd3a3a2b	45a844e3-fd35-40d9-8633-4d15abf5ed9f	de101e3a-9711-46da-9bfc-fb9c097e0a19	2026-05-29 16:17:27.353667+05:30
23bd0fe9-316c-4e1d-8355-9972120b8de8	fa47e7b2-dfa8-46a3-8a48-f2efa8944350	0de259c9-b75a-4e2b-95f1-901d495f01d7	2026-05-29 16:30:02.328233+05:30
58d902cc-8d57-4b30-baa3-2dec9bf627b7	9e9b09e2-2762-471d-89c8-dae79f8ccbd9	94b97c12-f17d-41a9-a2e2-8040a29192ea	2026-05-29 16:31:05.294256+05:30
8b0e9212-b0fd-4589-81aa-a0458d951616	98fdb496-53fe-474c-8829-25e94569ab82	d2699641-dbf4-4cc8-b4f8-854bed20611f	2026-05-29 17:07:38.292696+05:30
3621cc2d-2a32-49ff-93f9-ae95c8e05b8b	23fa6946-2ede-4a14-b8d2-2473b9150df0	d2699641-dbf4-4cc8-b4f8-854bed20611f	2026-05-29 17:07:38.292696+05:30
baf988ab-a17e-4e7e-99ce-8e885eba4abf	d7972fda-60df-444a-851b-9e02b4908227	d2699641-dbf4-4cc8-b4f8-854bed20611f	2026-05-29 17:07:38.292696+05:30
c3df92a1-e960-4ab2-ba4a-db9eed182f57	198b8e75-e3ac-4223-8b2a-2cc3c0d5ef15	d2699641-dbf4-4cc8-b4f8-854bed20611f	2026-05-29 17:07:38.292696+05:30
6e028dab-b489-4f47-92d9-0cb59db0ac4d	a797d32b-14d8-4c79-8688-69f9d8fa4ded	d2699641-dbf4-4cc8-b4f8-854bed20611f	2026-05-29 17:07:38.292696+05:30
6a1e085b-7936-49a7-80d8-453bb43a35b3	1cc1ab25-db8f-419a-9d46-d3e5db704d1a	e030ea14-296f-498c-908d-57e8c3c7c70f	2026-05-30 19:05:32.620729+05:30
\.

COPY public.payment_types (id, code, name, description, direction, requires_approval_chain, is_batch_based, is_confidential, mobile_initiation_only, allows_cross_currency, document_policy, field_config, is_system, is_active, version, effective_from, effective_to, created_at, updated_at, deleted_at, created_by, updated_by, payment_category_id, maker_role_id, checker_role_id, maker_user_id, checker_user_id) FROM stdin;
307a7908-a86c-4720-ac99-de6e90ccd5e0	ANNUAL_SUBSCRIPTION	Annual Subscription	Trading platform subscriptions. Only "Above 50,000" band has complete info.	OUTGOING	t	f	f	f	t	[]	[]	t	t	1	2026-05-29	\N	2026-05-29 16:26:50.567667+05:30	2026-05-29 16:26:50.567667+05:30	\N	\N	\N	a0ba4fc4-9b35-4648-a95b-6ba05e48dd7a	e4e63895-212d-42b5-83cf-63ff4cba01c3	2684f84f-875f-43e8-9d6f-b70d6e1a8e7f	\N	\N
0f92980e-9920-4434-845a-f91c26855679	SALARIES	Salaries	Monthly salary payments (section 5.3).	OUTGOING	t	f	f	f	t	[]	[]	t	t	1	2026-05-29	\N	2026-05-29 16:26:50.567667+05:30	2026-05-29 16:26:50.567667+05:30	\N	\N	\N	a0ba4fc4-9b35-4648-a95b-6ba05e48dd7a	e030ea14-296f-498c-908d-57e8c3c7c70f	90018431-44d8-496e-9835-37b870827310	\N	\N
5f5fdd4e-5b85-43c9-962f-6009d201e6d5	STATUTORY_DUES	Statutory Dues	Statutory dues VAT/TDS (section 5.3).	OUTGOING	t	f	f	f	t	[]	[]	t	t	1	2026-05-29	\N	2026-05-29 16:26:50.567667+05:30	2026-05-29 16:26:50.567667+05:30	\N	\N	\N	a0ba4fc4-9b35-4648-a95b-6ba05e48dd7a	be6aac17-a869-46f5-a3c8-ebc8b5dd5d29	94b97c12-f17d-41a9-a2e2-8040a29192ea	\N	\N
36e02e43-c917-47ff-9f26-44ae83dc5c16	CAPEX	Capital Expenditure	Capex - single approver per band (section 5.4).	OUTGOING	t	f	f	f	t	[]	[]	t	t	1	2026-05-29	\N	2026-05-29 16:26:50.567667+05:30	2026-05-29 16:26:50.567667+05:30	\N	\N	\N	c43ef77c-4cd3-4e5b-bd8e-7c7e7ad2d50e	\N	\N	\N	\N
a0e1cbac-e6e1-4b1a-8989-7ba1b077c323	EXCEPTIONAL_MA	Exceptional - M&A	M&A transactions (section 5.5).	OUTGOING	t	f	f	f	t	[]	[]	t	t	1	2026-05-29	\N	2026-05-29 16:26:50.567667+05:30	2026-05-29 16:26:50.567667+05:30	\N	\N	\N	a2ae196d-7beb-42d6-8c1d-6574078fff5a	\N	\N	\N	\N
1568c1fb-e227-4938-a049-59b335d4d81a	EXCEPTIONAL_RPT	Exceptional - Related Party	Related party transactions (section 5.5).	OUTGOING	t	f	f	f	t	[]	[]	t	t	1	2026-05-29	\N	2026-05-29 16:26:50.567667+05:30	2026-05-29 16:26:50.567667+05:30	\N	\N	\N	a2ae196d-7beb-42d6-8c1d-6574078fff5a	\N	\N	\N	\N
e19cb67d-49fd-4fba-ac35-8d9e47b9d40e	EXCEPTIONAL_LEGAL	Exceptional - Legal Settlement	Legal settlements (section 5.5).	OUTGOING	t	f	f	f	t	[]	[]	t	t	1	2026-05-29	\N	2026-05-29 16:26:50.567667+05:30	2026-05-29 16:26:50.567667+05:30	\N	\N	\N	a2ae196d-7beb-42d6-8c1d-6574078fff5a	\N	\N	\N	\N
dee49814-df91-441e-b802-f52c097287cb	EXCEPTIONAL_WRITEOFF	Exceptional - Write-off	Write-offs (section 5.5).	OUTGOING	t	f	f	f	t	[]	[]	t	t	1	2026-05-29	\N	2026-05-29 16:26:50.567667+05:30	2026-05-29 16:26:50.567667+05:30	\N	\N	\N	a2ae196d-7beb-42d6-8c1d-6574078fff5a	\N	\N	\N	\N
6be8355a-b862-4dc7-8e80-f5c8b904db9c	EXCEPTIONAL_CSR	Exceptional - CSR / Donations	CSR and donations (section 5.5).	OUTGOING	t	f	f	f	t	[]	[]	t	t	1	2026-05-29	\N	2026-05-29 16:26:50.567667+05:30	2026-05-29 16:26:50.567667+05:30	\N	\N	\N	a2ae196d-7beb-42d6-8c1d-6574078fff5a	\N	\N	\N	\N
ded8c9bc-6836-47d6-b1e6-862b895eb87c	SUPPLIER_PAYMENT	Supplier Payment	Trade supplier payment per policy section 4 + 5.1.	OUTGOING	t	f	f	f	t	[]	[]	t	t	1	2026-05-29	\N	2026-05-29 16:33:20.146041+05:30	2026-05-29 16:33:20.146041+05:30	\N	\N	\N	20065c43-91e7-4821-b39f-9b2b68bb9a24	0de259c9-b75a-4e2b-95f1-901d495f01d7	94b97c12-f17d-41a9-a2e2-8040a29192ea	\N	\N
169620b9-530f-4283-9aba-454e64c33db8	ADVANCE_PAYMENT	Advance Payment	Advance payment to a trade counterparty per section 4 + 5.1.	OUTGOING	t	f	f	f	t	[]	[]	t	t	1	2026-05-29	\N	2026-05-29 16:33:20.146041+05:30	2026-05-29 16:33:20.146041+05:30	\N	\N	\N	20065c43-91e7-4821-b39f-9b2b68bb9a24	0de259c9-b75a-4e2b-95f1-901d495f01d7	94b97c12-f17d-41a9-a2e2-8040a29192ea	\N	\N
204ce329-aac9-49b7-804b-261c7025f81f	IMPORT_PAYMENT_LC_BG	Import Payment (LC/BG)	Import payment under Letter of Credit or Bank Guarantee per section 4 + 5.1.	OUTGOING	t	f	f	f	t	[]	[]	t	t	1	2026-05-29	\N	2026-05-29 16:33:20.146041+05:30	2026-05-29 16:33:20.146041+05:30	\N	\N	\N	20065c43-91e7-4821-b39f-9b2b68bb9a24	0de259c9-b75a-4e2b-95f1-901d495f01d7	94b97c12-f17d-41a9-a2e2-8040a29192ea	\N	\N
7b10c01c-e6fd-44d0-bc92-68f5f6423173	DERIVATIVE_MARGIN_PAYMENT	Derivative Margin Payment	Margin payment for derivatives (exchange / broker margin calls) per section 4 + 5.1.	OUTGOING	t	f	f	f	t	[]	[]	t	t	1	2026-05-29	\N	2026-05-29 16:33:20.146041+05:30	2026-05-29 16:33:20.146041+05:30	\N	\N	\N	20065c43-91e7-4821-b39f-9b2b68bb9a24	0de259c9-b75a-4e2b-95f1-901d495f01d7	94b97c12-f17d-41a9-a2e2-8040a29192ea	\N	\N
015d9e7e-2a33-4d33-9be0-21d56889e8e3	TRADE_FINANCE_PAYMENT	Trade Finance Bank Payment	Payment to trade finance bank (margin top-ups, collateral funding, LC margining) per section 4 + 5.1.	OUTGOING	t	f	f	f	t	[]	[]	t	t	1	2026-05-29	\N	2026-05-29 16:33:20.146041+05:30	2026-05-29 16:33:20.146041+05:30	\N	\N	\N	20065c43-91e7-4821-b39f-9b2b68bb9a24	0de259c9-b75a-4e2b-95f1-901d495f01d7	94b97c12-f17d-41a9-a2e2-8040a29192ea	\N	\N
a46fc857-4d48-4187-93b3-1f678d941a70	TRAVEL_DESK	Travel Desk Payment	Non-trade travel desk payments (section 5.2). Maker/Checker are specific users.	OUTGOING	t	f	f	f	t	[]	[]	t	t	1	2026-05-29	\N	2026-05-29 16:26:50.567667+05:30	2026-05-29 16:26:50.567667+05:30	\N	\N	\N	a0ba4fc4-9b35-4648-a95b-6ba05e48dd7a	\N	\N	d32f0f54-0d3d-4680-b9c7-be9fdd5c54b8	d7972fda-60df-444a-851b-9e02b4908227
2c32250f-a745-4afa-b987-8666c48cd0f2	RENT_UTIL_SG	Rent & Utilities - Singapore	Singapore office rent & utilities. Maker/Checker are specific users.	OUTGOING	t	f	f	f	t	[]	[]	t	t	1	2026-05-29	\N	2026-05-29 16:26:50.567667+05:30	2026-05-29 16:26:50.567667+05:30	\N	\N	\N	a0ba4fc4-9b35-4648-a95b-6ba05e48dd7a	\N	\N	0eecb572-4a4a-4178-9473-eace89db65b6	0eecb572-4a4a-4178-9473-eace89db65b6
f2fe0d26-2cbf-4c62-b172-94cf107903b6	RENT_UTIL_DXB	Rent & Utilities - Dubai	Dubai office rent & utilities. Maker/Checker are specific users.	OUTGOING	t	f	f	f	t	[]	[]	t	t	1	2026-05-29	\N	2026-05-29 16:26:50.567667+05:30	2026-05-29 16:26:50.567667+05:30	\N	\N	\N	a0ba4fc4-9b35-4648-a95b-6ba05e48dd7a	\N	\N	0fd728c4-8012-4beb-a3fb-445d1bcd58dd	0fd728c4-8012-4beb-a3fb-445d1bcd58dd
3912a080-146c-4267-a24a-23c19f56171e	RENT_UTIL_GENEVA	Rent & Utilities - Geneva	Geneva office rent & utilities. Maker is a specific user.	OUTGOING	t	f	f	f	t	[]	[]	t	t	1	2026-05-29	\N	2026-05-29 16:26:50.567667+05:30	2026-05-29 16:26:50.567667+05:30	\N	\N	\N	a0ba4fc4-9b35-4648-a95b-6ba05e48dd7a	\N	2684f84f-875f-43e8-9d6f-b70d6e1a8e7f	36029f86-1a12-47bc-9450-676f2d469a21	\N
7cdd31fd-5f04-462c-9b15-7275d4262ce0	RENT_UTIL_UK	Rent & Utilities - UK	UK office rent & utilities. Maker is a specific user.	OUTGOING	t	f	f	f	t	[]	[]	t	t	1	2026-05-29	\N	2026-05-29 16:26:50.567667+05:30	2026-05-29 16:26:50.567667+05:30	\N	\N	\N	a0ba4fc4-9b35-4648-a95b-6ba05e48dd7a	\N	2684f84f-875f-43e8-9d6f-b70d6e1a8e7f	56c4ac8e-8854-490c-b9a5-32c1e76d38da	\N
9359362e-be06-4caf-848a-5736d928ef11	RENT_UTIL_US	Rent & Utilities - US	US office rent & utilities. Maker is a specific user.	OUTGOING	t	f	f	f	t	[]	[]	t	t	1	2026-05-29	\N	2026-05-29 16:26:50.567667+05:30	2026-05-29 16:26:50.567667+05:30	\N	\N	\N	a0ba4fc4-9b35-4648-a95b-6ba05e48dd7a	\N	2684f84f-875f-43e8-9d6f-b70d6e1a8e7f	56c4ac8e-8854-490c-b9a5-32c1e76d38da	\N
ba7c0894-288f-4614-a456-ae7d480aba6a	ABCD	Subscription		OUTGOING	t	f	f	f	t	[]	[]	f	t	1	2026-05-30	\N	2026-05-30 19:22:42.225261+05:30	2026-05-30 19:25:41.31894+05:30	\N	45a844e3-fd35-40d9-8633-4d15abf5ed9f	45a844e3-fd35-40d9-8633-4d15abf5ed9f	a0ba4fc4-9b35-4648-a95b-6ba05e48dd7a	0de259c9-b75a-4e2b-95f1-901d495f01d7	94b97c12-f17d-41a9-a2e2-8040a29192ea	\N	\N
\.

COPY public.approval_matrices (id, name, description, payment_type_id, currency_id, version, status, effective_from, effective_to, published_at, published_by, is_active, created_at, updated_at, deleted_at, created_by, updated_by) FROM stdin;
be4b1370-dfdf-439a-a1e1-da97c50020aa	Travel Desk - Authority Matrix	Per policy section 5.2	a46fc857-4d48-4187-93b3-1f678d941a70	9cd9c270-6608-4c47-bdde-fab9d950673e	1	PUBLISHED	2026-05-29	\N	2026-05-29 16:26:50.567667+05:30	\N	t	2026-05-29 16:26:50.567667+05:30	2026-05-29 16:26:50.567667+05:30	\N	\N	\N
e6b50b6f-d28c-49fb-96ef-7fb2fdc5ce57	Annual Subscription - Authority Matrix	Per policy (Annual subscriptions, Above 50,000 band only - the band with complete information).	307a7908-a86c-4720-ac99-de6e90ccd5e0	9cd9c270-6608-4c47-bdde-fab9d950673e	1	PUBLISHED	2026-05-29	\N	2026-05-29 16:26:50.567667+05:30	\N	t	2026-05-29 16:26:50.567667+05:30	2026-05-29 16:26:50.567667+05:30	\N	\N	\N
d7db98e6-2c65-43e7-8f36-dbd379970d62	Salaries - Authority Matrix	Per policy section 5.3	0f92980e-9920-4434-845a-f91c26855679	9cd9c270-6608-4c47-bdde-fab9d950673e	1	PUBLISHED	2026-05-29	\N	2026-05-29 16:26:50.567667+05:30	\N	t	2026-05-29 16:26:50.567667+05:30	2026-05-29 16:26:50.567667+05:30	\N	\N	\N
313ade42-6a70-4d41-ab73-e81059c5f95d	Statutory Dues - Authority Matrix	Per policy section 5.3 (VAT, TDS). Approver mapped to generic APPROVER role in lieu of AUDIT_TEAM_HEAD.	5f5fdd4e-5b85-43c9-962f-6009d201e6d5	9cd9c270-6608-4c47-bdde-fab9d950673e	1	PUBLISHED	2026-05-29	\N	2026-05-29 16:26:50.567667+05:30	\N	t	2026-05-29 16:26:50.567667+05:30	2026-05-29 16:26:50.567667+05:30	\N	\N	\N
26f7a8ec-f60b-492b-a1ce-bbdc5108448b	Rent & Utilities - Singapore Office	Per policy section 5.3	2c32250f-a745-4afa-b987-8666c48cd0f2	9cd9c270-6608-4c47-bdde-fab9d950673e	1	PUBLISHED	2026-05-29	\N	2026-05-29 16:26:50.567667+05:30	\N	t	2026-05-29 16:26:50.567667+05:30	2026-05-29 16:26:50.567667+05:30	\N	\N	\N
f4b6e23c-d330-467d-86c7-00e7bc87ad8d	Rent & Utilities - Dubai Office	Per policy section 5.3	f2fe0d26-2cbf-4c62-b172-94cf107903b6	9cd9c270-6608-4c47-bdde-fab9d950673e	1	PUBLISHED	2026-05-29	\N	2026-05-29 16:26:50.567667+05:30	\N	t	2026-05-29 16:26:50.567667+05:30	2026-05-29 16:26:50.567667+05:30	\N	\N	\N
cbc3363e-e792-45fc-ad28-f3cdc4f740c4	Rent & Utilities - Geneva Office	Per policy section 5.3	3912a080-146c-4267-a24a-23c19f56171e	9cd9c270-6608-4c47-bdde-fab9d950673e	1	PUBLISHED	2026-05-29	\N	2026-05-29 16:26:50.567667+05:30	\N	t	2026-05-29 16:26:50.567667+05:30	2026-05-29 16:26:50.567667+05:30	\N	\N	\N
3a775959-107d-4e0c-ac4a-ef2f99cf1405	Rent & Utilities - UK Office	Per policy section 5.3	7cdd31fd-5f04-462c-9b15-7275d4262ce0	9cd9c270-6608-4c47-bdde-fab9d950673e	1	PUBLISHED	2026-05-29	\N	2026-05-29 16:26:50.567667+05:30	\N	t	2026-05-29 16:26:50.567667+05:30	2026-05-29 16:26:50.567667+05:30	\N	\N	\N
309b4f6f-cf82-4ea4-88df-debc292513f3	Rent & Utilities - US Office	Per policy section 5.3	9359362e-be06-4caf-848a-5736d928ef11	9cd9c270-6608-4c47-bdde-fab9d950673e	1	PUBLISHED	2026-05-29	\N	2026-05-29 16:26:50.567667+05:30	\N	t	2026-05-29 16:26:50.567667+05:30	2026-05-29 16:26:50.567667+05:30	\N	\N	\N
9d814c1f-0886-4266-a0e1-934d65c7f19e	Capital Expenditure - Authority Matrix	Per policy section 5.4	36e02e43-c917-47ff-9f26-44ae83dc5c16	9cd9c270-6608-4c47-bdde-fab9d950673e	1	PUBLISHED	2026-05-29	\N	2026-05-29 16:26:50.567667+05:30	\N	t	2026-05-29 16:26:50.567667+05:30	2026-05-29 16:26:50.567667+05:30	\N	\N	\N
18abb5b6-f38c-4e97-861c-1bcf9dc84c5f	Exceptional - M&A	Per policy section 5.5	a0e1cbac-e6e1-4b1a-8989-7ba1b077c323	9cd9c270-6608-4c47-bdde-fab9d950673e	1	PUBLISHED	2026-05-29	\N	2026-05-29 16:26:50.567667+05:30	\N	t	2026-05-29 16:26:50.567667+05:30	2026-05-29 16:26:50.567667+05:30	\N	\N	\N
9053a1e6-5be1-4224-8098-25c094f299ff	Exceptional - Related Party	Per policy section 5.5	1568c1fb-e227-4938-a049-59b335d4d81a	9cd9c270-6608-4c47-bdde-fab9d950673e	1	PUBLISHED	2026-05-29	\N	2026-05-29 16:26:50.567667+05:30	\N	t	2026-05-29 16:26:50.567667+05:30	2026-05-29 16:26:50.567667+05:30	\N	\N	\N
e8d11b94-ebb0-4168-9e3c-87078f3a27ec	Exceptional - Legal Settlement	Per policy section 5.5	e19cb67d-49fd-4fba-ac35-8d9e47b9d40e	9cd9c270-6608-4c47-bdde-fab9d950673e	1	PUBLISHED	2026-05-29	\N	2026-05-29 16:26:50.567667+05:30	\N	t	2026-05-29 16:26:50.567667+05:30	2026-05-29 16:26:50.567667+05:30	\N	\N	\N
1679da6a-68f2-4851-9084-5e7e2a240694	Exceptional - Write-off	Per policy section 5.5	dee49814-df91-441e-b802-f52c097287cb	9cd9c270-6608-4c47-bdde-fab9d950673e	1	PUBLISHED	2026-05-29	\N	2026-05-29 16:26:50.567667+05:30	\N	t	2026-05-29 16:26:50.567667+05:30	2026-05-29 16:26:50.567667+05:30	\N	\N	\N
afa7659c-f9b0-40c9-9431-cb1a4e91b73c	Exceptional - CSR / Donations	Per policy section 5.5	6be8355a-b862-4dc7-8e80-f5c8b904db9c	9cd9c270-6608-4c47-bdde-fab9d950673e	1	PUBLISHED	2026-05-29	\N	2026-05-29 16:26:50.567667+05:30	\N	t	2026-05-29 16:26:50.567667+05:30	2026-05-29 16:26:50.567667+05:30	\N	\N	\N
0996f50c-b9bd-4dd3-8ab8-c670a3a4dc5c	Supplier Payment - Authority Matrix	Per policy section 5.1 (Trade Payments). Same 4-band chain across all bands.	ded8c9bc-6836-47d6-b1e6-862b895eb87c	9cd9c270-6608-4c47-bdde-fab9d950673e	1	PUBLISHED	2026-05-29	\N	2026-05-29 16:33:20.146041+05:30	\N	t	2026-05-29 16:33:20.146041+05:30	2026-05-29 16:33:20.146041+05:30	\N	\N	\N
0d9a36f2-07e5-425c-99b4-49eb4bbdc79d	Advance Payment - Authority Matrix	Per policy section 5.1 (Trade Payments). Same 4-band chain across all bands.	169620b9-530f-4283-9aba-454e64c33db8	9cd9c270-6608-4c47-bdde-fab9d950673e	1	PUBLISHED	2026-05-29	\N	2026-05-29 16:33:20.146041+05:30	\N	t	2026-05-29 16:33:20.146041+05:30	2026-05-29 16:33:20.146041+05:30	\N	\N	\N
da89561f-d412-41c1-a523-30b312791e78	Import Payment (LC/BG) - Authority Matrix	Per policy section 5.1 (Trade Payments). Same 4-band chain across all bands.	204ce329-aac9-49b7-804b-261c7025f81f	9cd9c270-6608-4c47-bdde-fab9d950673e	1	PUBLISHED	2026-05-29	\N	2026-05-29 16:33:20.146041+05:30	\N	t	2026-05-29 16:33:20.146041+05:30	2026-05-29 16:33:20.146041+05:30	\N	\N	\N
e1ec25d9-db8a-45ee-bb26-41b7f1bab717	Derivative Margin Payment - Authority Matrix	Per policy section 5.1 (Trade Payments). Same 4-band chain across all bands.	7b10c01c-e6fd-44d0-bc92-68f5f6423173	9cd9c270-6608-4c47-bdde-fab9d950673e	1	PUBLISHED	2026-05-29	\N	2026-05-29 16:33:20.146041+05:30	\N	t	2026-05-29 16:33:20.146041+05:30	2026-05-29 16:33:20.146041+05:30	\N	\N	\N
38b37586-070c-46f5-8cd9-a8d782e2a989	Trade Finance Bank Payment - Authority Matrix	Per policy section 5.1 (Trade Payments). Same 4-band chain across all bands.	015d9e7e-2a33-4d33-9be0-21d56889e8e3	9cd9c270-6608-4c47-bdde-fab9d950673e	1	PUBLISHED	2026-05-29	\N	2026-05-29 16:33:20.146041+05:30	\N	t	2026-05-29 16:33:20.146041+05:30	2026-05-29 16:33:20.146041+05:30	\N	\N	\N
ffb50b1c-d507-4c4e-9c61-2850ea9976b3	test	test	015d9e7e-2a33-4d33-9be0-21d56889e8e3	255fcd2e-8660-43b2-872f-00ea3aa81a39	1	PUBLISHED	2026-05-28	2026-05-30	\N	\N	t	2026-05-30 18:58:06.527276+05:30	2026-05-30 18:58:06.527276+05:30	\N	45a844e3-fd35-40d9-8633-4d15abf5ed9f	45a844e3-fd35-40d9-8633-4d15abf5ed9f
\.

COPY public.approval_matrix_bands (id, matrix_id, sort_order, min_amount, max_amount, created_at) FROM stdin;
cd918906-c101-4804-8d50-da2bf11b4ea8	be4b1370-dfdf-439a-a1e1-da97c50020aa	1	0.0000	1000.0000	2026-05-29 16:26:50.567667+05:30
027f55bd-90ae-4bb0-b42c-74eb73215b86	be4b1370-dfdf-439a-a1e1-da97c50020aa	2	1000.0001	10000.0000	2026-05-29 16:26:50.567667+05:30
08a8b842-af9c-4f31-a740-d1422285fef7	be4b1370-dfdf-439a-a1e1-da97c50020aa	3	10000.0001	25000.0000	2026-05-29 16:26:50.567667+05:30
0621df64-6c93-457e-8532-c0148cfd7f10	e6b50b6f-d28c-49fb-96ef-7fb2fdc5ce57	1	50000.0001	\N	2026-05-29 16:26:50.567667+05:30
caaf251e-99fe-499e-beaa-676671c9b1a0	d7db98e6-2c65-43e7-8f36-dbd379970d62	1	0.0000	\N	2026-05-29 16:26:50.567667+05:30
00ab6b8a-e42b-460a-aec6-396cef3b2b68	313ade42-6a70-4d41-ab73-e81059c5f95d	1	0.0000	\N	2026-05-29 16:26:50.567667+05:30
34920dd5-6b95-4ea4-b699-5a8372fc4393	26f7a8ec-f60b-492b-a1ce-bbdc5108448b	1	0.0000	\N	2026-05-29 16:26:50.567667+05:30
b4322415-4ce3-4653-8bae-17d33d03850c	f4b6e23c-d330-467d-86c7-00e7bc87ad8d	1	0.0000	\N	2026-05-29 16:26:50.567667+05:30
c53444ce-5ca6-4a81-83bd-7912df8ca676	cbc3363e-e792-45fc-ad28-f3cdc4f740c4	1	0.0000	\N	2026-05-29 16:26:50.567667+05:30
e0bd93f0-c658-48cb-8f7b-9ba2f652dc95	3a775959-107d-4e0c-ac4a-ef2f99cf1405	1	0.0000	\N	2026-05-29 16:26:50.567667+05:30
35e16a47-0015-4a8d-a195-2e6cf3d881fd	309b4f6f-cf82-4ea4-88df-debc292513f3	1	0.0000	\N	2026-05-29 16:26:50.567667+05:30
fbb72a37-23f4-453a-8eb8-bea682ba3108	9d814c1f-0886-4266-a0e1-934d65c7f19e	1	0.0000	50000.0000	2026-05-29 16:26:50.567667+05:30
1957bf51-2e84-4338-b1de-c9d88f7ef82a	9d814c1f-0886-4266-a0e1-934d65c7f19e	2	50000.0001	200000.0000	2026-05-29 16:26:50.567667+05:30
40b10898-6750-48be-82eb-d39aa1ba5063	9d814c1f-0886-4266-a0e1-934d65c7f19e	3	200000.0001	\N	2026-05-29 16:26:50.567667+05:30
6fbfa3d3-17b1-4692-9d38-71693564ffc2	18abb5b6-f38c-4e97-861c-1bcf9dc84c5f	1	0.0000	\N	2026-05-29 16:26:50.567667+05:30
9d844747-8e4d-4550-9ed3-adb02a0fca2a	9053a1e6-5be1-4224-8098-25c094f299ff	1	0.0000	\N	2026-05-29 16:26:50.567667+05:30
3f1c404f-bf1e-4b70-ac8b-9954f3f154c0	e8d11b94-ebb0-4168-9e3c-87078f3a27ec	1	0.0000	\N	2026-05-29 16:26:50.567667+05:30
e79d6561-aed5-4145-aa17-62bc62fc6ff0	1679da6a-68f2-4851-9084-5e7e2a240694	1	0.0000	\N	2026-05-29 16:26:50.567667+05:30
3a3de982-3ef3-4ca3-909a-e52c8fc62d07	afa7659c-f9b0-40c9-9431-cb1a4e91b73c	1	0.0000	\N	2026-05-29 16:26:50.567667+05:30
bd3af5ff-67b4-40d2-90df-627f9832b328	0996f50c-b9bd-4dd3-8ab8-c670a3a4dc5c	1	0.0000	100000.0000	2026-05-29 16:33:20.146041+05:30
49254f18-123b-4e9e-a883-26934372f572	0996f50c-b9bd-4dd3-8ab8-c670a3a4dc5c	2	100000.0001	500000.0000	2026-05-29 16:33:20.146041+05:30
757bdb38-9330-40e2-a4d5-18e4d6eb3ac0	0996f50c-b9bd-4dd3-8ab8-c670a3a4dc5c	3	500000.0001	1000000.0000	2026-05-29 16:33:20.146041+05:30
a7a78cd1-cb3e-4d8d-ad88-a118eedb7909	0996f50c-b9bd-4dd3-8ab8-c670a3a4dc5c	4	1000000.0001	\N	2026-05-29 16:33:20.146041+05:30
09acb734-68ce-48c5-a437-c59fa01b722e	0d9a36f2-07e5-425c-99b4-49eb4bbdc79d	1	0.0000	100000.0000	2026-05-29 16:33:20.146041+05:30
3a7420a9-de21-4abb-a009-6b7bd7fdadd0	0d9a36f2-07e5-425c-99b4-49eb4bbdc79d	2	100000.0001	500000.0000	2026-05-29 16:33:20.146041+05:30
d13f6c93-2c1f-498c-b60b-e9efca359fde	0d9a36f2-07e5-425c-99b4-49eb4bbdc79d	3	500000.0001	1000000.0000	2026-05-29 16:33:20.146041+05:30
48f2b0de-8d93-4fbc-adcf-fdb703a1fa07	0d9a36f2-07e5-425c-99b4-49eb4bbdc79d	4	1000000.0001	\N	2026-05-29 16:33:20.146041+05:30
4f81ad68-1cfc-4a92-8747-360aec9be02c	da89561f-d412-41c1-a523-30b312791e78	1	0.0000	100000.0000	2026-05-29 16:33:20.146041+05:30
63b129da-5345-4bcd-8edd-ef65ac80a291	da89561f-d412-41c1-a523-30b312791e78	2	100000.0001	500000.0000	2026-05-29 16:33:20.146041+05:30
85d7b3cb-b321-4229-85c5-5b8ccbf8cfa9	da89561f-d412-41c1-a523-30b312791e78	3	500000.0001	1000000.0000	2026-05-29 16:33:20.146041+05:30
5a61878f-7e64-4102-82e8-8493dccf0b13	da89561f-d412-41c1-a523-30b312791e78	4	1000000.0001	\N	2026-05-29 16:33:20.146041+05:30
88023e59-b981-4b97-822e-251dd5361cf4	e1ec25d9-db8a-45ee-bb26-41b7f1bab717	1	0.0000	100000.0000	2026-05-29 16:33:20.146041+05:30
c8e9cccf-59f9-451a-94d1-98abc4912ecc	e1ec25d9-db8a-45ee-bb26-41b7f1bab717	2	100000.0001	500000.0000	2026-05-29 16:33:20.146041+05:30
7b666fec-a7d2-446e-abd5-92f914ad3d4b	e1ec25d9-db8a-45ee-bb26-41b7f1bab717	3	500000.0001	1000000.0000	2026-05-29 16:33:20.146041+05:30
608b566d-6154-416e-898b-1997ce77f555	e1ec25d9-db8a-45ee-bb26-41b7f1bab717	4	1000000.0001	\N	2026-05-29 16:33:20.146041+05:30
b1bc310c-eabf-4487-ac76-88d28948e5eb	38b37586-070c-46f5-8cd9-a8d782e2a989	1	0.0000	100000.0000	2026-05-29 16:33:20.146041+05:30
71dbdfc0-dddf-4f38-af19-da55bfd3b194	38b37586-070c-46f5-8cd9-a8d782e2a989	2	100000.0001	500000.0000	2026-05-29 16:33:20.146041+05:30
15e6b95f-a8f9-4395-9c0f-801a6dbdc51c	38b37586-070c-46f5-8cd9-a8d782e2a989	3	500000.0001	1000000.0000	2026-05-29 16:33:20.146041+05:30
c66c5964-9753-40fa-abda-c06fd5055942	38b37586-070c-46f5-8cd9-a8d782e2a989	4	1000000.0001	\N	2026-05-29 16:33:20.146041+05:30
ba2653fa-5d66-48ee-b967-3680a77a8a1f	ffb50b1c-d507-4c4e-9c61-2850ea9976b3	0	1000.0000	100000.0000	2026-05-30 18:58:06.527276+05:30
\.

COPY public.approval_matrix_steps (id, band_id, step_order, approver_type, approver_user_id, approver_role_id, is_optional, created_at) FROM stdin;
8c6176e6-3c12-48c1-ad46-8d16dfe6670f	cd918906-c101-4804-8d50-da2bf11b4ea8	1	USER	d32f0f54-0d3d-4680-b9c7-be9fdd5c54b8	\N	f	2026-05-29 16:26:50.567667+05:30
5a3a06fa-fc78-4e10-a9d4-683df8aa3780	cd918906-c101-4804-8d50-da2bf11b4ea8	2	USER	d7972fda-60df-444a-851b-9e02b4908227	\N	f	2026-05-29 16:26:50.567667+05:30
60e0d2a9-df5a-4002-8fe2-8ac1c2b090db	cd918906-c101-4804-8d50-da2bf11b4ea8	3	USER	d7972fda-60df-444a-851b-9e02b4908227	\N	f	2026-05-29 16:26:50.567667+05:30
e3a50322-55f4-491d-80d0-ad2b87a008be	cd918906-c101-4804-8d50-da2bf11b4ea8	4	USER	23fa6946-2ede-4a14-b8d2-2473b9150df0	\N	f	2026-05-29 16:26:50.567667+05:30
c650ac08-2bdf-4641-91bf-6b7db4d811f1	027f55bd-90ae-4bb0-b42c-74eb73215b86	1	USER	d32f0f54-0d3d-4680-b9c7-be9fdd5c54b8	\N	f	2026-05-29 16:26:50.567667+05:30
a2647a8e-8190-4227-8bae-0aaa5381b8b1	027f55bd-90ae-4bb0-b42c-74eb73215b86	2	USER	d7972fda-60df-444a-851b-9e02b4908227	\N	f	2026-05-29 16:26:50.567667+05:30
0547fedb-c5b3-432a-a94d-7222a5f0dce0	027f55bd-90ae-4bb0-b42c-74eb73215b86	3	USER	d7972fda-60df-444a-851b-9e02b4908227	\N	f	2026-05-29 16:26:50.567667+05:30
dddb705c-7664-44c7-b24b-c3b21c73f542	027f55bd-90ae-4bb0-b42c-74eb73215b86	4	USER	23fa6946-2ede-4a14-b8d2-2473b9150df0	\N	f	2026-05-29 16:26:50.567667+05:30
b33a94c9-21e4-4a34-b15e-84923d621030	08a8b842-af9c-4f31-a740-d1422285fef7	1	USER	d32f0f54-0d3d-4680-b9c7-be9fdd5c54b8	\N	f	2026-05-29 16:26:50.567667+05:30
ee39c6f0-6019-440b-997f-de185c148e15	08a8b842-af9c-4f31-a740-d1422285fef7	2	USER	d7972fda-60df-444a-851b-9e02b4908227	\N	f	2026-05-29 16:26:50.567667+05:30
be9906a6-e61b-400b-97ae-bfdfa679c4db	08a8b842-af9c-4f31-a740-d1422285fef7	3	USER	d7972fda-60df-444a-851b-9e02b4908227	\N	f	2026-05-29 16:26:50.567667+05:30
cef3e7e7-c844-4a5d-9fa4-90715433cfa6	08a8b842-af9c-4f31-a740-d1422285fef7	4	USER	23fa6946-2ede-4a14-b8d2-2473b9150df0	\N	f	2026-05-29 16:26:50.567667+05:30
612bdc72-6fb1-4c58-aef1-a80a4bfd1743	ba2653fa-5d66-48ee-b967-3680a77a8a1f	0	USER	98fdb496-53fe-474c-8829-25e94569ab82	\N	f	2026-05-30 18:58:06.527276+05:30
697443b9-f0a5-4479-8f57-c8392565d398	ba2653fa-5d66-48ee-b967-3680a77a8a1f	1	USER	23fa6946-2ede-4a14-b8d2-2473b9150df0	\N	f	2026-05-30 18:58:06.527276+05:30
caf56e91-cc44-4ed4-a880-e890d481cd61	34920dd5-6b95-4ea4-b699-5a8372fc4393	1	USER	0eecb572-4a4a-4178-9473-eace89db65b6	\N	f	2026-05-29 16:26:50.567667+05:30
6d385a15-42da-4468-bc61-fc12df992183	34920dd5-6b95-4ea4-b699-5a8372fc4393	2	USER	0eecb572-4a4a-4178-9473-eace89db65b6	\N	f	2026-05-29 16:26:50.567667+05:30
1f1f4384-106d-40ed-b90f-3406567478e2	34920dd5-6b95-4ea4-b699-5a8372fc4393	3	USER	98fdb496-53fe-474c-8829-25e94569ab82	\N	f	2026-05-29 16:26:50.567667+05:30
bca100fd-ac6d-4455-b334-d31b66248b9c	b4322415-4ce3-4653-8bae-17d33d03850c	1	USER	0fd728c4-8012-4beb-a3fb-445d1bcd58dd	\N	f	2026-05-29 16:26:50.567667+05:30
5e925e54-5ceb-434e-9760-40834ffc575a	b4322415-4ce3-4653-8bae-17d33d03850c	2	USER	0fd728c4-8012-4beb-a3fb-445d1bcd58dd	\N	f	2026-05-29 16:26:50.567667+05:30
c940fc96-e186-4d34-8eb8-b0e69bd75ac8	b4322415-4ce3-4653-8bae-17d33d03850c	3	USER	198b8e75-e3ac-4223-8b2a-2cc3c0d5ef15	\N	f	2026-05-29 16:26:50.567667+05:30
9ec52d59-69d4-46ef-bc64-2bbca5f15d7e	c53444ce-5ca6-4a81-83bd-7912df8ca676	1	USER	36029f86-1a12-47bc-9450-676f2d469a21	\N	f	2026-05-29 16:26:50.567667+05:30
17d2baab-ee73-45ec-b978-5c23dcc028d7	c53444ce-5ca6-4a81-83bd-7912df8ca676	2	ROLE	\N	2684f84f-875f-43e8-9d6f-b70d6e1a8e7f	f	2026-05-29 16:26:50.567667+05:30
3d652d09-ec62-4ee5-bafd-a059b90b7fc0	c53444ce-5ca6-4a81-83bd-7912df8ca676	3	USER	a797d32b-14d8-4c79-8688-69f9d8fa4ded	\N	f	2026-05-29 16:26:50.567667+05:30
b95a0618-1278-4d90-9f89-e06063fd0464	e0bd93f0-c658-48cb-8f7b-9ba2f652dc95	1	USER	56c4ac8e-8854-490c-b9a5-32c1e76d38da	\N	f	2026-05-29 16:26:50.567667+05:30
9d3f837d-8b64-46d0-9caf-5805147e6584	e0bd93f0-c658-48cb-8f7b-9ba2f652dc95	2	ROLE	\N	2684f84f-875f-43e8-9d6f-b70d6e1a8e7f	f	2026-05-29 16:26:50.567667+05:30
85de2653-761e-4988-95a1-e6a925eb0c36	e0bd93f0-c658-48cb-8f7b-9ba2f652dc95	3	USER	a797d32b-14d8-4c79-8688-69f9d8fa4ded	\N	f	2026-05-29 16:26:50.567667+05:30
0af7939d-f557-4b52-912c-bf6a6d4f913e	35e16a47-0015-4a8d-a195-2e6cf3d881fd	1	USER	56c4ac8e-8854-490c-b9a5-32c1e76d38da	\N	f	2026-05-29 16:26:50.567667+05:30
c9e33de0-fea2-42fa-8d21-263b448f9d37	35e16a47-0015-4a8d-a195-2e6cf3d881fd	2	ROLE	\N	2684f84f-875f-43e8-9d6f-b70d6e1a8e7f	f	2026-05-29 16:26:50.567667+05:30
5e34114b-5588-40e2-915a-33021d2eab70	35e16a47-0015-4a8d-a195-2e6cf3d881fd	3	USER	a797d32b-14d8-4c79-8688-69f9d8fa4ded	\N	f	2026-05-29 16:26:50.567667+05:30
b80887e2-a90b-4eb2-8f3a-6773f416f43a	fbb72a37-23f4-453a-8eb8-bea682ba3108	1	USER	23fa6946-2ede-4a14-b8d2-2473b9150df0	\N	f	2026-05-29 16:26:50.567667+05:30
58f22d94-b62a-4248-bed4-1dd4db52a856	1957bf51-2e84-4338-b1de-c9d88f7ef82a	1	USER	23fa6946-2ede-4a14-b8d2-2473b9150df0	\N	f	2026-05-29 16:26:50.567667+05:30
00bbb1bf-2706-4666-bc6d-a0992a7456fb	40b10898-6750-48be-82eb-d39aa1ba5063	1	USER	23fa6946-2ede-4a14-b8d2-2473b9150df0	\N	f	2026-05-29 16:26:50.567667+05:30
ca84fa32-b35f-43bb-9b1e-5cf7ee31d5a4	6fbfa3d3-17b1-4692-9d38-71693564ffc2	1	USER	23fa6946-2ede-4a14-b8d2-2473b9150df0	\N	f	2026-05-29 16:26:50.567667+05:30
62ea3c0e-b085-4428-b993-ee405fcd5e98	9d844747-8e4d-4550-9ed3-adb02a0fca2a	1	USER	23fa6946-2ede-4a14-b8d2-2473b9150df0	\N	f	2026-05-29 16:26:50.567667+05:30
75a61ecf-53ef-4c00-9ea3-a53dfde71bf3	3f1c404f-bf1e-4b70-ac8b-9954f3f154c0	1	USER	23fa6946-2ede-4a14-b8d2-2473b9150df0	\N	f	2026-05-29 16:26:50.567667+05:30
d58dffbf-936d-4261-a7d1-d283ccc81edb	e79d6561-aed5-4145-aa17-62bc62fc6ff0	1	USER	23fa6946-2ede-4a14-b8d2-2473b9150df0	\N	f	2026-05-29 16:26:50.567667+05:30
674d12b7-fccf-4517-aa01-e977a48045b3	3a3de982-3ef3-4ca3-909a-e52c8fc62d07	1	USER	23fa6946-2ede-4a14-b8d2-2473b9150df0	\N	f	2026-05-29 16:26:50.567667+05:30
daab8a92-c2ea-4ab1-8140-5493ff481c69	3a7420a9-de21-4abb-a009-6b7bd7fdadd0	1	ROLE	\N	94b97c12-f17d-41a9-a2e2-8040a29192ea	f	2026-05-29 16:33:20.146041+05:30
622d84aa-2cdb-47e4-bc29-a12690c1bfa7	3a7420a9-de21-4abb-a009-6b7bd7fdadd0	2	USER	98fdb496-53fe-474c-8829-25e94569ab82	\N	f	2026-05-29 16:33:20.146041+05:30
c6890a22-6b84-4d50-822b-b1be166c3caf	3a7420a9-de21-4abb-a009-6b7bd7fdadd0	3	USER	23fa6946-2ede-4a14-b8d2-2473b9150df0	\N	f	2026-05-29 16:33:20.146041+05:30
eb6f0393-157c-4922-82da-448315043374	b1bc310c-eabf-4487-ac76-88d28948e5eb	1	ROLE	\N	94b97c12-f17d-41a9-a2e2-8040a29192ea	f	2026-05-29 16:33:20.146041+05:30
b61f6ac1-9ff8-47c6-9d48-cba4c2264f8d	b1bc310c-eabf-4487-ac76-88d28948e5eb	2	USER	98fdb496-53fe-474c-8829-25e94569ab82	\N	f	2026-05-29 16:33:20.146041+05:30
396bc876-8e9d-4f64-8dc0-359b5b3f1086	b1bc310c-eabf-4487-ac76-88d28948e5eb	3	USER	23fa6946-2ede-4a14-b8d2-2473b9150df0	\N	f	2026-05-29 16:33:20.146041+05:30
66cd7331-92e9-4d6b-b03b-7726d9007e8d	757bdb38-9330-40e2-a4d5-18e4d6eb3ac0	1	ROLE	\N	94b97c12-f17d-41a9-a2e2-8040a29192ea	f	2026-05-29 16:33:20.146041+05:30
34fea231-e24e-4b54-984f-c323c47daaaf	757bdb38-9330-40e2-a4d5-18e4d6eb3ac0	2	USER	98fdb496-53fe-474c-8829-25e94569ab82	\N	f	2026-05-29 16:33:20.146041+05:30
c704a47c-83e4-49c1-8a2a-e2a471770111	757bdb38-9330-40e2-a4d5-18e4d6eb3ac0	3	USER	23fa6946-2ede-4a14-b8d2-2473b9150df0	\N	f	2026-05-29 16:33:20.146041+05:30
addceaaa-6f3b-43de-986a-657cc9b968fa	00ab6b8a-e42b-460a-aec6-396cef3b2b68	1	ROLE	\N	94b97c12-f17d-41a9-a2e2-8040a29192ea	f	2026-05-29 16:26:50.567667+05:30
35ffa9ba-5ef5-4bdd-b24d-2c46a08af9ad	00ab6b8a-e42b-460a-aec6-396cef3b2b68	2	ROLE	\N	d2699641-dbf4-4cc8-b4f8-854bed20611f	f	2026-05-29 16:26:50.567667+05:30
2ef29a87-e6c3-4e80-a415-53132d1ba5fc	15e6b95f-a8f9-4395-9c0f-801a6dbdc51c	1	ROLE	\N	94b97c12-f17d-41a9-a2e2-8040a29192ea	f	2026-05-29 16:33:20.146041+05:30
5f902dd8-0413-48c7-bb5b-0494256ecfb9	15e6b95f-a8f9-4395-9c0f-801a6dbdc51c	2	USER	98fdb496-53fe-474c-8829-25e94569ab82	\N	f	2026-05-29 16:33:20.146041+05:30
d9389540-0c86-4d6e-ac69-381ee71f8eff	15e6b95f-a8f9-4395-9c0f-801a6dbdc51c	3	USER	23fa6946-2ede-4a14-b8d2-2473b9150df0	\N	f	2026-05-29 16:33:20.146041+05:30
4e2baace-3eb1-4bfb-8288-43dcc483ceda	a7a78cd1-cb3e-4d8d-ad88-a118eedb7909	1	ROLE	\N	94b97c12-f17d-41a9-a2e2-8040a29192ea	f	2026-05-29 16:33:20.146041+05:30
fa231d58-a91c-4967-92b9-a0af8ddf8012	a7a78cd1-cb3e-4d8d-ad88-a118eedb7909	2	USER	98fdb496-53fe-474c-8829-25e94569ab82	\N	f	2026-05-29 16:33:20.146041+05:30
f0eab6c9-32ec-4dd1-9899-31f4607133c3	a7a78cd1-cb3e-4d8d-ad88-a118eedb7909	3	USER	23fa6946-2ede-4a14-b8d2-2473b9150df0	\N	f	2026-05-29 16:33:20.146041+05:30
7a7e99db-c350-423f-8510-2ededcf85249	63b129da-5345-4bcd-8edd-ef65ac80a291	1	ROLE	\N	94b97c12-f17d-41a9-a2e2-8040a29192ea	f	2026-05-29 16:33:20.146041+05:30
6ad4c750-151f-4e6b-a501-20bfa48538fd	63b129da-5345-4bcd-8edd-ef65ac80a291	2	USER	98fdb496-53fe-474c-8829-25e94569ab82	\N	f	2026-05-29 16:33:20.146041+05:30
10171273-1d53-461b-ad16-279add9d2b54	63b129da-5345-4bcd-8edd-ef65ac80a291	3	USER	23fa6946-2ede-4a14-b8d2-2473b9150df0	\N	f	2026-05-29 16:33:20.146041+05:30
a357a78b-2f64-46ba-89f8-614c5dce9297	0621df64-6c93-457e-8532-c0148cfd7f10	1	ROLE	\N	2684f84f-875f-43e8-9d6f-b70d6e1a8e7f	f	2026-05-29 16:26:50.567667+05:30
0b690bac-843c-4975-9d8b-bf9a8af462d1	0621df64-6c93-457e-8532-c0148cfd7f10	2	USER	a797d32b-14d8-4c79-8688-69f9d8fa4ded	\N	f	2026-05-29 16:26:50.567667+05:30
318ee0c1-38d4-48f1-b337-d6a847baaa5d	0621df64-6c93-457e-8532-c0148cfd7f10	3	USER	23fa6946-2ede-4a14-b8d2-2473b9150df0	\N	f	2026-05-29 16:26:50.567667+05:30
bcd317c2-e502-4a48-a2bf-30ddc833d08f	c66c5964-9753-40fa-abda-c06fd5055942	1	ROLE	\N	94b97c12-f17d-41a9-a2e2-8040a29192ea	f	2026-05-29 16:33:20.146041+05:30
bf8d46a8-e847-4d98-ba68-1807d4452018	c66c5964-9753-40fa-abda-c06fd5055942	2	USER	98fdb496-53fe-474c-8829-25e94569ab82	\N	f	2026-05-29 16:33:20.146041+05:30
3fc22687-c161-4393-b2af-5612f5136186	c66c5964-9753-40fa-abda-c06fd5055942	3	USER	23fa6946-2ede-4a14-b8d2-2473b9150df0	\N	f	2026-05-29 16:33:20.146041+05:30
6b5ca302-cb67-40d6-8de4-a84882d624a8	caaf251e-99fe-499e-beaa-676671c9b1a0	1	ROLE	\N	90018431-44d8-496e-9835-37b870827310	f	2026-05-29 16:26:50.567667+05:30
eb2af68e-3d5c-4c86-81dd-d1a54070ea5b	caaf251e-99fe-499e-beaa-676671c9b1a0	2	USER	98fdb496-53fe-474c-8829-25e94569ab82	\N	f	2026-05-29 16:26:50.567667+05:30
b8caca88-2147-49a2-947c-ad6f29b8f463	d13f6c93-2c1f-498c-b60b-e9efca359fde	1	ROLE	\N	94b97c12-f17d-41a9-a2e2-8040a29192ea	f	2026-05-29 16:33:20.146041+05:30
33e8c2a2-69ba-4876-905b-f9b266f5b08e	d13f6c93-2c1f-498c-b60b-e9efca359fde	2	USER	98fdb496-53fe-474c-8829-25e94569ab82	\N	f	2026-05-29 16:33:20.146041+05:30
15717f00-8e34-4d73-b8dc-da0745446f60	d13f6c93-2c1f-498c-b60b-e9efca359fde	3	USER	23fa6946-2ede-4a14-b8d2-2473b9150df0	\N	f	2026-05-29 16:33:20.146041+05:30
de07ecf3-901f-4408-b362-741bc06edb61	71dbdfc0-dddf-4f38-af19-da55bfd3b194	1	ROLE	\N	94b97c12-f17d-41a9-a2e2-8040a29192ea	f	2026-05-29 16:33:20.146041+05:30
5f16fc50-f245-4daa-b6c4-f5be27bae931	71dbdfc0-dddf-4f38-af19-da55bfd3b194	2	USER	98fdb496-53fe-474c-8829-25e94569ab82	\N	f	2026-05-29 16:33:20.146041+05:30
359e1946-e4a2-4ec7-a91d-49b9124ffc05	71dbdfc0-dddf-4f38-af19-da55bfd3b194	3	USER	23fa6946-2ede-4a14-b8d2-2473b9150df0	\N	f	2026-05-29 16:33:20.146041+05:30
0e756638-0b9c-4bcb-a381-a3b6c8cf2726	608b566d-6154-416e-898b-1997ce77f555	1	ROLE	\N	94b97c12-f17d-41a9-a2e2-8040a29192ea	f	2026-05-29 16:33:20.146041+05:30
eda4b39b-d5d7-4c66-bbee-40b2d46667dc	608b566d-6154-416e-898b-1997ce77f555	2	USER	98fdb496-53fe-474c-8829-25e94569ab82	\N	f	2026-05-29 16:33:20.146041+05:30
a9dae018-1bc2-4c68-ab80-af2995ebe136	608b566d-6154-416e-898b-1997ce77f555	3	USER	23fa6946-2ede-4a14-b8d2-2473b9150df0	\N	f	2026-05-29 16:33:20.146041+05:30
0c17efea-f417-40b0-a9da-277b5181172f	49254f18-123b-4e9e-a883-26934372f572	1	ROLE	\N	94b97c12-f17d-41a9-a2e2-8040a29192ea	f	2026-05-29 16:33:20.146041+05:30
cb6e16c0-10d1-4193-8833-a4f088cda9e3	49254f18-123b-4e9e-a883-26934372f572	2	USER	98fdb496-53fe-474c-8829-25e94569ab82	\N	f	2026-05-29 16:33:20.146041+05:30
667df3ee-8e67-411c-83ea-13a0697f36bb	49254f18-123b-4e9e-a883-26934372f572	3	USER	23fa6946-2ede-4a14-b8d2-2473b9150df0	\N	f	2026-05-29 16:33:20.146041+05:30
20bf7eca-1015-4e8d-99a0-ff6e8a7f262c	c8e9cccf-59f9-451a-94d1-98abc4912ecc	1	ROLE	\N	94b97c12-f17d-41a9-a2e2-8040a29192ea	f	2026-05-29 16:33:20.146041+05:30
5ca3566f-5d46-4c46-8e0e-04833f3b9a75	c8e9cccf-59f9-451a-94d1-98abc4912ecc	2	USER	98fdb496-53fe-474c-8829-25e94569ab82	\N	f	2026-05-29 16:33:20.146041+05:30
46c6c4b4-362d-47a1-a141-cc50b83b411e	c8e9cccf-59f9-451a-94d1-98abc4912ecc	3	USER	23fa6946-2ede-4a14-b8d2-2473b9150df0	\N	f	2026-05-29 16:33:20.146041+05:30
a11a18be-0986-4a1e-9728-56852032342a	88023e59-b981-4b97-822e-251dd5361cf4	1	ROLE	\N	94b97c12-f17d-41a9-a2e2-8040a29192ea	f	2026-05-29 16:33:20.146041+05:30
ad2dd577-71d9-4d9c-b8b9-9eeaf55d4c02	88023e59-b981-4b97-822e-251dd5361cf4	2	USER	98fdb496-53fe-474c-8829-25e94569ab82	\N	f	2026-05-29 16:33:20.146041+05:30
0b0bc5f0-c101-4402-b2e3-beb7b63b9116	88023e59-b981-4b97-822e-251dd5361cf4	3	USER	23fa6946-2ede-4a14-b8d2-2473b9150df0	\N	f	2026-05-29 16:33:20.146041+05:30
6df9a23f-4226-480a-9c61-f10c77b12b1a	4f81ad68-1cfc-4a92-8747-360aec9be02c	1	ROLE	\N	94b97c12-f17d-41a9-a2e2-8040a29192ea	f	2026-05-29 16:33:20.146041+05:30
15a47c31-2714-43f1-a7d1-37ef7938693e	4f81ad68-1cfc-4a92-8747-360aec9be02c	2	USER	98fdb496-53fe-474c-8829-25e94569ab82	\N	f	2026-05-29 16:33:20.146041+05:30
e20a9d8a-446a-47a6-886b-d90f9a373cdd	4f81ad68-1cfc-4a92-8747-360aec9be02c	3	USER	23fa6946-2ede-4a14-b8d2-2473b9150df0	\N	f	2026-05-29 16:33:20.146041+05:30
8f097a1a-6a8b-44b3-9a04-1f77df1aeff4	48f2b0de-8d93-4fbc-adcf-fdb703a1fa07	1	ROLE	\N	94b97c12-f17d-41a9-a2e2-8040a29192ea	f	2026-05-29 16:33:20.146041+05:30
48d8c23a-e1ec-4e23-8e19-104dd1cfdec4	48f2b0de-8d93-4fbc-adcf-fdb703a1fa07	2	USER	98fdb496-53fe-474c-8829-25e94569ab82	\N	f	2026-05-29 16:33:20.146041+05:30
76d15dbb-5e34-4421-a4b2-8e852185e874	48f2b0de-8d93-4fbc-adcf-fdb703a1fa07	3	USER	23fa6946-2ede-4a14-b8d2-2473b9150df0	\N	f	2026-05-29 16:33:20.146041+05:30
017a91bd-d414-44be-b0bd-289980f01635	5a61878f-7e64-4102-82e8-8493dccf0b13	1	ROLE	\N	94b97c12-f17d-41a9-a2e2-8040a29192ea	f	2026-05-29 16:33:20.146041+05:30
46dac6bf-6068-467d-aa9e-a94dba67c10a	5a61878f-7e64-4102-82e8-8493dccf0b13	2	USER	98fdb496-53fe-474c-8829-25e94569ab82	\N	f	2026-05-29 16:33:20.146041+05:30
f6d3d994-7ded-45fa-b294-6876d2be1c4b	5a61878f-7e64-4102-82e8-8493dccf0b13	3	USER	23fa6946-2ede-4a14-b8d2-2473b9150df0	\N	f	2026-05-29 16:33:20.146041+05:30
59d71d72-cd81-413e-a599-7e1a0373e6d1	09acb734-68ce-48c5-a437-c59fa01b722e	1	ROLE	\N	94b97c12-f17d-41a9-a2e2-8040a29192ea	f	2026-05-29 16:33:20.146041+05:30
07060df9-a453-43bf-a0d0-21ebf3a5e342	09acb734-68ce-48c5-a437-c59fa01b722e	2	USER	98fdb496-53fe-474c-8829-25e94569ab82	\N	f	2026-05-29 16:33:20.146041+05:30
9db973ba-2420-4ed1-bb98-7c71508a5b7b	09acb734-68ce-48c5-a437-c59fa01b722e	3	USER	23fa6946-2ede-4a14-b8d2-2473b9150df0	\N	f	2026-05-29 16:33:20.146041+05:30
c2374fa6-a7c6-49f6-83b3-e712416b8b34	bd3af5ff-67b4-40d2-90df-627f9832b328	1	ROLE	\N	94b97c12-f17d-41a9-a2e2-8040a29192ea	f	2026-05-29 16:33:20.146041+05:30
fdf879de-cc28-4f6e-974d-c07f1537fe39	bd3af5ff-67b4-40d2-90df-627f9832b328	2	USER	98fdb496-53fe-474c-8829-25e94569ab82	\N	f	2026-05-29 16:33:20.146041+05:30
4467d9d3-e4cb-4a43-8894-b84dc4409c0a	bd3af5ff-67b4-40d2-90df-627f9832b328	3	USER	23fa6946-2ede-4a14-b8d2-2473b9150df0	\N	f	2026-05-29 16:33:20.146041+05:30
05c49d18-2a5c-4d85-9098-7acf70fa7c89	85d7b3cb-b321-4229-85c5-5b8ccbf8cfa9	1	ROLE	\N	94b97c12-f17d-41a9-a2e2-8040a29192ea	f	2026-05-29 16:33:20.146041+05:30
3f8de745-e79a-431c-825b-ea5640682dbc	85d7b3cb-b321-4229-85c5-5b8ccbf8cfa9	2	USER	98fdb496-53fe-474c-8829-25e94569ab82	\N	f	2026-05-29 16:33:20.146041+05:30
c62ec7ab-f06c-42ba-99be-930facb73e37	85d7b3cb-b321-4229-85c5-5b8ccbf8cfa9	3	USER	23fa6946-2ede-4a14-b8d2-2473b9150df0	\N	f	2026-05-29 16:33:20.146041+05:30
bba734d2-a5c5-4c05-9e5a-c25e842c4e63	7b666fec-a7d2-446e-abd5-92f914ad3d4b	1	ROLE	\N	94b97c12-f17d-41a9-a2e2-8040a29192ea	f	2026-05-29 16:33:20.146041+05:30
eadf4d36-83d3-4ed3-9e26-9ae67da3431c	7b666fec-a7d2-446e-abd5-92f914ad3d4b	2	USER	98fdb496-53fe-474c-8829-25e94569ab82	\N	f	2026-05-29 16:33:20.146041+05:30
10e1a61c-1828-4844-ae03-4b6e0e3bd973	7b666fec-a7d2-446e-abd5-92f914ad3d4b	3	USER	23fa6946-2ede-4a14-b8d2-2473b9150df0	\N	f	2026-05-29 16:33:20.146041+05:30
\.

